{
  "voxel_vol": 686.0,
  "skeleton_vol": 686.0,
  "volume_error": 0.0,
  "num_nodes": 11,
  "num_edges": 16,
  "min_edge_length": 8.869546635514322,
  "mean_edge_length": 13.398451910255755,
  "hausdorff_dist": 8.602325267042627,
  "domain_size": 60.0,
  "params": {
    "prune_len": 1.666133518304275,
    "collapse_thresh": 4.281056583042229,
    "rdp": 0.5038825947314836,
    "radius_mode": "uniform",
    "vol_thresh": 0.3
  },
  "score": 0.04767441755680876
}