{
  "voxel_vol": 686.0,
  "skeleton_vol": 1232.8895953914848,
  "volume_error": 0.7972151536319021,
  "num_nodes": 11,
  "num_edges": 16,
  "min_edge_length": 8.12403840463596,
  "mean_edge_length": 12.860397829802181,
  "hausdorff_dist": 10.0,
  "domain_size": 60.0,
  "params": {
    "prune_len": 3.031307960188173,
    "collapse_thresh": 4.403442103622733,
    "rdp": 3.5052719988825056,
    "radius_mode": "edt",
    "vol_thresh": 0.3
  },
  "score": 0.8495484869652354
}