{
  "voxel_vol": 686.0,
  "skeleton_vol": 685.9999999999999,
  "volume_error": 1.6572425323850733e-16,
  "num_nodes": 11,
  "num_edges": 16,
  "min_edge_length": 8.12403840463596,
  "mean_edge_length": 13.03149434122434,
  "hausdorff_dist": 9.273618495495704,
  "domain_size": 60.0,
  "params": {
    "prune_len": 0.9645170690009923,
    "collapse_thresh": 3.7209924543677158,
    "rdp": 1.5508707607064576,
    "radius_mode": "uniform",
    "vol_thresh": 0.3
  },
  "score": 0.04991206165165252
}