{
  "voxel_vol": 686.0,
  "skeleton_vol": 686.0000000000002,
  "volume_error": 3.3144850647701466e-16,
  "num_nodes": 11,
  "num_edges": 16,
  "min_edge_length": 8.306623862918075,
  "mean_edge_length": 13.131687066572168,
  "hausdorff_dist": 8.602325267042627,
  "domain_size": 60.0,
  "params": {
    "prune_len": 1.7435531779202766,
    "collapse_thresh": 3.862108415359983,
    "rdp": 1.0701077134556343,
    "radius_mode": "uniform",
    "vol_thresh": 0.3
  },
  "score": 0.047674417556809096
}