{
  "voxel_vol": 686.0,
  "skeleton_vol": 1412.6941607472772,
  "volume_error": 1.0593209340339318,
  "num_nodes": 13,
  "num_edges": 18,
  "min_edge_length": 3.5355339059327378,
  "mean_edge_length": 11.314001715028386,
  "hausdorff_dist": 8.602325267042627,
  "domain_size": 60.0,
  "params": {
    "prune_len": 1.6227107998149177,
    "collapse_thresh": 2.9700672443739817,
    "rdp": 1.385435500261892,
    "radius_mode": "edt",
    "vol_thresh": 0.3
  },
  "score": 1.1099953515907406
}