{
  "voxel_vol": 686.0,
  "skeleton_vol": 686.0,
  "volume_error": 0.0,
  "num_nodes": 11,
  "num_edges": 16,
  "min_edge_length": 8.12403840463596,
  "mean_edge_length": 13.006740853108933,
  "hausdorff_dist": 9.273618495495704,
  "domain_size": 60.0,
  "params": {
    "prune_len": 2.3078859889827874,
    "collapse_thresh": 3.402428290275921,
    "rdp": 1.680221204660092,
    "radius_mode": "uniform",
    "vol_thresh": 0.3
  },
  "score": 0.04991206165165235
}