{
  "voxel_vol": 686.0,
  "skeleton_vol": 686.0000000000001,
  "volume_error": 1.6572425323850733e-16,
  "num_nodes": 11,
  "num_edges": 16,
  "min_edge_length": 8.701789597489903,
  "mean_edge_length": 13.371177713505817,
  "hausdorff_dist": 8.602325267042627,
  "domain_size": 60.0,
  "params": {
    "prune_len": 4.5940530616114925,
    "collapse_thresh": 4.054046911122662,
    "rdp": 0.6142423858007612,
    "radius_mode": "uniform",
    "vol_thresh": 0.3
  },
  "score": 0.04767441755680893
}