{
  "voxel_vol": 686.0,
  "skeleton_vol": 1437.4192849868875,
  "volume_error": 1.0953633891937136,
  "num_nodes": 11,
  "num_edges": 16,
  "min_edge_length": 8.306623862918075,
  "mean_edge_length": 13.090786585704343,
  "hausdorff_dist": 9.273618495495704,
  "domain_size": 60.0,
  "params": {
    "prune_len": 3.724234682356154,
    "collapse_thresh": 3.8270446259948807,
    "rdp": 1.318786658525515,
    "radius_mode": "edt",
    "vol_thresh": 0.3
  },
  "score": 1.1452754508453658
}