{
  "voxel_vol": 686.0,
  "skeleton_vol": 1418.3159230209205,
  "volume_error": 1.0675159227710211,
  "num_nodes": 11,
  "num_edges": 16,
  "min_edge_length": 8.12403840463596,
  "mean_edge_length": 13.006740853108933,
  "hausdorff_dist": 9.273618495495704,
  "domain_size": 60.0,
  "params": {
    "prune_len": 4.8939214244482265,
    "collapse_thresh": 3.79950003968639,
    "rdp": 1.6255762733282273,
    "radius_mode": "edt",
    "vol_thresh": 0.3
  },
  "score": 1.1174279844226733
}