{
  "voxel_vol": 686.0,
  "skeleton_vol": 685.9999999999999,
  "volume_error": 1.6572425323850733e-16,
  "num_nodes": 15,
  "num_edges": 20,
  "min_edge_length": 2.0615528128088303,
  "mean_edge_length": 10.116439757567552,
  "hausdorff_dist": 8.306623862918075,
  "domain_size": 60.0,
  "params": {
    "prune_len": 0.9368710175365644,
    "collapse_thresh": 1.4306658770409557,
    "rdp": 1.1291933239619805,
    "radius_mode": "uniform",
    "vol_thresh": 0.3
  },
  "score": 0.052688746209727085
}