{
  "voxel_vol": 686.0,
  "skeleton_vol": 685.9999999999997,
  "volume_error": 4.97172759715522e-16,
  "num_nodes": 11,
  "num_edges": 16,
  "min_edge_length": 8.306623862918075,
  "mean_edge_length": 13.167332746262897,
  "hausdorff_dist": 8.602325267042627,
  "domain_size": 60.0,
  "params": {
    "prune_len": 1.197453017273223,
    "collapse_thresh": 3.2819074882429793,
    "rdp": 1.0549756832388426,
    "radius_mode": "uniform",
    "vol_thresh": 0.3
  },
  "score": 0.04767441755680926
}