{
  "voxel_vol": 686.0,
  "skeleton_vol": 686.0,
  "volume_error": 0.0,
  "num_nodes": 11,
  "num_edges": 16,
  "min_edge_length": 8.12403840463596,
  "mean_edge_length": 12.931483414083278,
  "hausdorff_dist": 10.0,
  "domain_size": 60.0,
  "params": {
    "prune_len": 2.93760674622432,
    "collapse_thresh": 3.5240967442278857,
    "rdp": 1.7355715344801141,
    "radius_mode": "uniform",
    "vol_thresh": 0.3
  },
  "score": 0.052333333333333336
}