{
  "voxel_vol": 686.0,
  "skeleton_vol": 686.0000000000001,
  "volume_error": 1.6572425323850733e-16,
  "num_nodes": 11,
  "num_edges": 16,
  "min_edge_length": 8.306623862918075,
  "mean_edge_length": 13.06760379077771,
  "hausdorff_dist": 9.273618495495704,
  "domain_size": 60.0,
  "params": {
    "prune_len": 0.7101402885115711,
    "collapse_thresh": 4.110053279363896,
    "rdp": 1.4846856806911093,
    "radius_mode": "uniform",
    "vol_thresh": 0.3
  },
  "score": 0.04991206165165252
}