{
  "voxel_vol": 686.0,
  "skeleton_vol": 1305.4735457604943,
  "volume_error": 0.9030226614584465,
  "num_nodes": 11,
  "num_edges": 16,
  "min_edge_length": 8.306623862918075,
  "mean_edge_length": 13.239146419211176,
  "hausdorff_dist": 8.602325267042627,
  "domain_size": 60.0,
  "params": {
    "prune_len": 1.1482338610327625,
    "collapse_thresh": 3.9271889924100325,
    "rdp": 0.907764597001741,
    "radius_mode": "edt",
    "vol_thresh": 0.3
  },
  "score": 0.9506970790152552
}