{
  "voxel_vol": 686.0,
  "skeleton_vol": 686.0000000000003,
  "volume_error": 4.97172759715522e-16,
  "num_nodes": 13,
  "num_edges": 18,
  "min_edge_length": 3.914213562373095,
  "mean_edge_length": 11.651808429248138,
  "hausdorff_dist": 8.602325267042627,
  "domain_size": 60.0,
  "params": {
    "prune_len": 1.0491720568015048,
    "collapse_thresh": 2.9807076404450807,
    "rdp": 0.6547483450184828,
    "radius_mode": "uniform",
    "vol_thresh": 0.3
  },
  "score": 0.05067441755680926
}