{
  "voxel_vol": 686.0,
  "skeleton_vol": 1306.9220641211903,
  "volume_error": 0.9051342042582948,
  "num_nodes": 11,
  "num_edges": 16,
  "min_edge_length": 8.306623862918075,
  "mean_edge_length": 13.24635075850068,
  "hausdorff_dist": 8.602325267042627,
  "domain_size": 60.0,
  "params": {
    "prune_len": 2.8237520982193827,
    "collapse_thresh": 4.448686820402616,
    "rdp": 0.8539385088057168,
    "radius_mode": "edt",
    "vol_thresh": 0.3
  },
  "score": 0.9528086218151036
}