{
  "voxel_vol": 686.0,
  "skeleton_vol": 685.9999999999999,
  "volume_error": 1.6572425323850733e-16,
  "num_nodes": 13,
  "num_edges": 18,
  "min_edge_length": 3.5355339059327378,
  "mean_edge_length": 11.150270553916881,
  "hausdorff_dist": 10.0,
  "domain_size": 60.0,
  "params": {
    "prune_len": 1.325320294340452,
    "collapse_thresh": 2.216968971838151,
    "rdp": 2.86140394234507,
    "radius_mode": "uniform",
    "vol_thresh": 0.3
  },
  "score": 0.0553333333333335
}