{
  "voxel_vol": 686.0,
  "skeleton_vol": 686.0,
  "volume_error": 0.0,
  "num_nodes": 13,
  "num_edges": 18,
  "min_edge_length": 3.5355339059327378,
  "mean_edge_length": 11.47374527695811,
  "hausdorff_dist": 8.602325267042627,
  "domain_size": 60.0,
  "params": {
    "prune_len": 4.137788066524075,
    "collapse_thresh": 2.2184550766934827,
    "rdp": 0.9395245130287274,
    "radius_mode": "uniform",
    "vol_thresh": 0.3
  },
  "score": 0.050674417556808765
}