{
  "voxel_vol": 686.0,
  "skeleton_vol": 1168.19708339296,
  "volume_error": 0.7029112002812827,
  "num_nodes": 13,
  "num_edges": 18,
  "min_edge_length": 3.5355339059327378,
  "mean_edge_length": 11.150270553916881,
  "hausdorff_dist": 10.0,
  "domain_size": 60.0,
  "params": {
    "prune_len": 1.9660094560228556,
    "collapse_thresh": 2.7218083316144432,
    "rdp": 4.771872263012369,
    "radius_mode": "edt",
    "vol_thresh": 0.3
  },
  "score": 0.7582445336146161
}