{
  "voxel_vol": 686.0,
  "skeleton_vol": 686.0000000000001,
  "volume_error": 1.6572425323850733e-16,
  "num_nodes": 11,
  "num_edges": 16,
  "min_edge_length": 8.306623862918075,
  "mean_edge_length": 13.214085167107761,
  "hausdorff_dist": 8.602325267042627,
  "domain_size": 60.0,
  "params": {
    "prune_len": 1.5222393882134404,
    "collapse_thresh": 4.383906173197088,
    "rdp": 0.9690893945408191,
    "radius_mode": "uniform",
    "vol_thresh": 0.3
  },
  "score": 0.04767441755680893
}