{
  "voxel_vol": 686.0,
  "skeleton_vol": 1232.8895953914848,
  "volume_error": 0.7972151536319021,
  "num_nodes": 11,
  "num_edges": 16,
  "min_edge_length": 8.12403840463596,
  "mean_edge_length": 12.860397829802181,
  "hausdorff_dist": 10.0,
  "domain_size": 60.0,
  "params": {
    "prune_len": 1.286231788836201,
    "collapse_thresh": 3.8122630192025087,
    "rdp": 3.091319500316147,
    "radius_mode": "edt",
    "vol_thresh": 0.3
  },
  "score": 0.8495484869652354
}