{
  "trial_number": 17,
  "score": 0.04767441755680876,
  "params": {
    "prune_len": 2.8140031542793498,
    "collapse_thresh": 4.32236982177366,
    "rdp": 0.5237072486815779,
    "radius_mode": "uniform"
  },
  "user_attrs": {
    "hausdorff_dist": 8.602325267042627,
    "num_edges": 16,
    "num_nodes": 11,
    "volume_error": 0.0
  }
}