{
  "voxel_vol": 9984.0,
  "skeleton_vol": 9984.0,
  "volume_error": 0.0,
  "num_nodes": 14,
  "num_edges": 22,
  "min_edge_length": 18.66815470259447,
  "mean_edge_length": 25.495585108577824,
  "hausdorff_dist": 20.97617696340303,
  "domain_size": 150.0,
  "params": {
    "prune_len": 2.1854305348131313,
    "collapse_thresh": 4.802857225639665,
    "rdp": 3.793972738151323,
    "radius_mode": "uniform",
    "vol_thresh": 0.3
  },
  "score": 0.05296823595120404
}