{
  "voxel_vol": 686.0,
  "skeleton_vol": 1320.7244756912232,
  "volume_error": 0.9252543377423079,
  "num_nodes": 11,
  "num_edges": 16,
  "min_edge_length": 8.701789597489903,
  "mean_edge_length": 13.358534048422314,
  "hausdorff_dist": 8.602325267042627,
  "domain_size": 60.0,
  "params": {
    "prune_len": 1.5026449438448193,
    "collapse_thresh": 3.6088940641398803,
    "rdp": 0.6740366994512378,
    "radius_mode": "edt",
    "vol_thresh": 0.3
  },
  "score": 0.9729287552991167
}