{
  "voxel_vol": 686.0,
  "skeleton_vol": 685.9999999999998,
  "volume_error": 3.3144850647701466e-16,
  "num_nodes": 11,
  "num_edges": 16,
  "min_edge_length": 8.306623862918075,
  "mean_edge_length": 13.090786585704343,
  "hausdorff_dist": 9.273618495495704,
  "domain_size": 60.0,
  "params": {
    "prune_len": 2.1433472678105105,
    "collapse_thresh": 4.438673761213448,
    "rdp": 1.2646187984679564,
    "radius_mode": "uniform",
    "vol_thresh": 0.3
  },
  "score": 0.049912061651652684
}