{
  "voxel_vol": 686.0,
  "skeleton_vol": 685.9999999999999,
  "volume_error": 1.6572425323850733e-16,
  "num_nodes": 11,
  "num_edges": 16,
  "min_edge_length": 8.730838352728496,
  "mean_edge_length": 13.389782642581643,
  "hausdorff_dist": 8.602325267042627,
  "domain_size": 60.0,
  "params": {
    "prune_len": 0.9506855991808016,
    "collapse_thresh": 4.962227712642911,
    "rdp": 0.5459254387130089,
    "radius_mode": "uniform",
    "vol_thresh": 0.3
  },
  "score": 0.04767441755680893
}