{
  "voxel_vol": 686.0,
  "skeleton_vol": 686.0,
  "volume_error": 0.0,
  "num_nodes": 11,
  "num_edges": 16,
  "min_edge_length": 8.306623862918075,
  "mean_edge_length": 13.24635075850068,
  "hausdorff_dist": 8.602325267042627,
  "domain_size": 60.0,
  "params": {
    "prune_len": 0.7441876595725889,
    "collapse_thresh": 4.4722652353993,
    "rdp": 0.8335671468172227,
    "radius_mode": "uniform",
    "vol_thresh": 0.3
  },
  "score": 0.04767441755680876
}