{
  "voxel_vol": 686.0,
  "skeleton_vol": 685.9999999999999,
  "volume_error": 1.6572425323850733e-16,
  "num_nodes": 13,
  "num_edges": 18,
  "min_edge_length": 3.914213562373095,
  "mean_edge_length": 11.657251156373611,
  "hausdorff_dist": 8.602325267042627,
  "domain_size": 60.0,
  "params": {
    "prune_len": 3.784256732892656,
    "collapse_thresh": 2.7262952364345536,
    "rdp": 0.5619023668030619,
    "radius_mode": "uniform",
    "vol_thresh": 0.3
  },
  "score": 0.05067441755680893
}